{"cameraMode":{"drawMode":0,"name":"Shaded","section":"Shading Mode"},"sceneLighting":true,"audioPlay":false,"sceneViewState":{"m_AlwaysRefresh":false,"showFog":true,"showSkybox":true,"showFlares":true,"showImageEffects":true,"showParticleSystems":true,"showVisualEffectGraphs":true,"m_FxEnabled":true},"in2DMode":false,"pivot":{"x":14.237628936767579,"y":-4.131515026092529,"z":0.5099198222160339},"rotation":{"x":0.12247903645038605,"y":0.6851933598518372,"z":-0.11857827007770539,"w":0.7081598043441773},"size":8.294076919555664,"orthographic":false}