{"cameraMode":{"drawMode":0,"name":"Shaded","section":"Shading Mode"},"sceneLighting":true,"audioPlay":false,"sceneViewState":{"m_AlwaysRefresh":false,"showFog":true,"showSkybox":true,"showFlares":true,"showImageEffects":true,"showParticleSystems":true,"showVisualEffectGraphs":true,"m_FxEnabled":true},"in2DMode":false,"pivot":{"x":-6.6025495529174809,"y":0.8976849913597107,"z":-3.1725316047668459},"rotation":{"x":-0.013234388083219529,"y":0.6484079360961914,"z":-0.011755682528018952,"w":-0.7612318396568298},"size":3.4879612922668459,"orthographic":false}